{
  "properties": {
    "connectionReferences": {},
    "definition": {
      "$schema": "https://schema.management.azure.com/providers/Microsoft.Logic/schemas/2016-06-01/workflowdefinition.json#",
      "contentVersion": "1.0.0.0",
      "parameters": {
        "$authentication": {
          "defaultValue": {},
          "type": "SecureObject"
        }
      },
      "triggers": {
        "manual": {
          "metadata": {
            "operationMetadataId": "616cfe7b-05f3-4570-bb6d-10a39d4d923f"
          },
          "type": "Request",
          "kind": "Button",
          "inputs": {
            "schema": {
              "type": "object",
              "properties": {
                "text": {
                  "title": "CustomerName",
                  "type": "string",
                  "x-ms-dynamically-added": true,
                  "description": "Please enter your input",
                  "x-ms-content-hint": "TEXT"
                },
                "text_1": {
                  "title": "EnvironmentNameSourceRefresh",
                  "type": "string",
                  "x-ms-dynamically-added": true,
                  "description": "Please enter your input",
                  "x-ms-content-hint": "TEXT"
                },
                "text_2": {
                  "title": "EnvironmentNameDestinationRefresh",
                  "type": "string",
                  "x-ms-dynamically-added": true,
                  "description": "Please enter your input",
                  "x-ms-content-hint": "TEXT"
                },
                "text_3": {
                  "title": "EnvironmentNameAzureCHE",
                  "type": "string",
                  "x-ms-dynamically-added": true,
                  "description": "Please enter your input",
                  "x-ms-content-hint": "TEXT"
                }
              },
              "required": [
                "text",
                "text_1",
                "text_2",
                "text_3"
              ]
            }
          }
        }
      },
      "actions": {
        "Refresh_DB_from_PROD_to_UAT": {
          "runAfter": {},
          "metadata": {
            "operationMetadataId": "daa520e5-eafe-41ed-a1e7-bd8b8aab1309"
          },
          "type": "Workflow",
          "inputs": {
            "host": {
              "workflowReferenceName": "061c38f4-a123-ed11-b83d-000d3aaea7f0"
            },
            "body": {
              "text": "@triggerBody()['text']",
              "text_1": "@triggerBody()['text_1']",
              "text_2": "@triggerBody()['text_2']"
            }
          }
        },
        "Backup_DB_UAT_after": {
          "runAfter": {
            "Refresh_DB_from_PROD_to_UAT": [
              "Succeeded"
            ]
          },
          "metadata": {
            "operationMetadataId": "1d8a74fb-3895-4dfa-9672-eeec0d41b035"
          },
          "type": "Workflow",
          "inputs": {
            "host": {
              "workflowReferenceName": "7b65c1ed-9023-ed11-b83d-000d3aaea7f0"
            },
            "body": {
              "text": "@triggerBody()['text']",
              "text_1": "@triggerBody()['text_2']"
            }
          }
        },
        "Restore_DB_UAT_on_an_Azure_CHE_DevBox": {
          "runAfter": {
            "Backup_DB_UAT_after": [
              "Succeeded"
            ]
          },
          "metadata": {
            "operationMetadataId": "d086f2a7-ddab-4147-8b67-a98fa50fa940"
          },
          "type": "Workflow",
          "inputs": {
            "host": {
              "workflowReferenceName": "82fc276d-8123-ed11-b83d-000d3aaea7f0"
            },
            "body": {
              "text": "@triggerBody()['text']",
              "text_1": "@triggerBody()['text_3']"
            }
          }
        }
      }
    },
    "templateName": null
  },
  "schemaVersion": "1.0.0.0"
}