{
  "properties": {
    "connectionReferences": {
      "shared_commondataserviceforapps": {
        "runtimeSource": "embedded",
        "connection": {
          "connectionReferenceLogicalName": "acl_sharedcommondataserviceforapps_09178"
        },
        "api": {
          "name": "shared_commondataserviceforapps"
        }
      }
    },
    "definition": {
      "$schema": "https://schema.management.azure.com/providers/Microsoft.Logic/schemas/2016-06-01/workflowdefinition.json#",
      "contentVersion": "1.0.0.0",
      "parameters": {
        "$connections": {
          "defaultValue": {},
          "type": "Object"
        },
        "$authentication": {
          "defaultValue": {},
          "type": "SecureObject"
        }
      },
      "triggers": {
        "manual": {
          "metadata": {
            "operationMetadataId": "4b0d3e1c-a15a-438f-ad36-07f43603e9ad"
          },
          "type": "Request",
          "kind": "Button",
          "inputs": {
            "schema": {
              "type": "object",
              "properties": {
                "text": {
                  "title": "CustomerName",
                  "type": "string",
                  "x-ms-dynamically-added": true,
                  "description": "Please enter your input",
                  "x-ms-content-hint": "TEXT"
                },
                "text_1": {
                  "title": "SourceEnvironmentName",
                  "type": "string",
                  "x-ms-dynamically-added": true,
                  "description": "Please enter your input",
                  "x-ms-content-hint": "TEXT"
                },
                "text_2": {
                  "title": "DestinationEnvironmentName",
                  "type": "string",
                  "x-ms-dynamically-added": true,
                  "description": "Please enter your input",
                  "x-ms-content-hint": "TEXT"
                }
              },
              "required": [
                "text",
                "text_1",
                "text_2"
              ]
            }
          }
        }
      },
      "actions": {
        "Condition_to_call_if_all_important_variables_are_retrieved_and_TIER2_as_desti": {
          "actions": {
            "Check_if_source_is_Prod_or_TIER2": {
              "actions": {
                "Refresh_DB_Scope": {
                  "actions": {
                    "HTTP_-_Authentification_Token": {
                      "runAfter": {},
                      "metadata": {
                        "operationMetadataId": "a7a3e5ae-a224-4032-886a-4f9035d7503a"
                      },
                      "type": "Http",
                      "inputs": {
                        "method": "POST",
                        "uri": "https://login.microsoftonline.com/common/oauth2/token",
                        "headers": {
                          "Content-Type": "application/x-www-form-urlencoded"
                        },
                        "body": "grant_type=password\n&username=@{variables('UserName')}\n&password=@{variables('Password')}\n&client_id=@{variables('ClientId')}\n&client_secret=@{variables('ClientSecret')}\n&resource=@{variables('LCSAPIUri')}"
                      }
                    },
                    "Parse_JSON": {
                      "runAfter": {
                        "HTTP_-_Authentification_Token": [
                          "Succeeded"
                        ]
                      },
                      "metadata": {
                        "operationMetadataId": "6a463cc3-92cf-4448-91e2-e6bc3a82c3cc"
                      },
                      "type": "ParseJson",
                      "inputs": {
                        "content": "@body('HTTP_-_Authentification_Token')",
                        "schema": {
                          "type": "object",
                          "properties": {
                            "token_type": {
                              "type": "string"
                            },
                            "scope": {
                              "type": "string"
                            },
                            "expires_in": {
                              "type": "string"
                            },
                            "ext_expires_in": {
                              "type": "string"
                            },
                            "expires_on": {
                              "type": "string"
                            },
                            "not_before": {
                              "type": "string"
                            },
                            "resource": {
                              "type": "string"
                            },
                            "access_token": {
                              "type": "string"
                            },
                            "refresh_token": {
                              "type": "string"
                            }
                          }
                        }
                      }
                    },
                    "LCS_DataALM_Call_API_to_Backup": {
                      "runAfter": {
                        "Parse_JSON": [
                          "Succeeded"
                        ]
                      },
                      "metadata": {
                        "operationMetadataId": "d4ce7143-891f-4e03-83b6-dcd48b04034b"
                      },
                      "type": "Http",
                      "inputs": {
                        "method": "POST",
                        "uri": "https://lcsapi.lcs.dynamics.com/databasemovement/v1/refresh/project/@{variables('LCSProjectId')}/source/@{variables('SourceEnvironmentId')}/target/@{variables('DestinationEnvironmentId')}",
                        "headers": {
                          "Content-Type": "application/json",
                          "Authorization": "Bearer @{body('Parse_JSON')?['access_token']}"
                        }
                      }
                    },
                    "Parse_JSON_DB_Refresh": {
                      "runAfter": {
                        "LCS_DataALM_Call_API_to_Backup": [
                          "Succeeded"
                        ]
                      },
                      "metadata": {
                        "operationMetadataId": "b19c3208-de04-404f-8d5b-9168aea49143"
                      },
                      "type": "ParseJson",
                      "inputs": {
                        "content": "@body('LCS_DataALM_Call_API_to_Backup')",
                        "schema": {
                          "type": "object",
                          "properties": {
                            "IsSuccess": {
                              "type": "boolean"
                            },
                            "OperationActivityId": {
                              "type": "string"
                            },
                            "ErrorMessage": {},
                            "VersionEOL": {
                              "type": "string"
                            }
                          }
                        }
                      }
                    },
                    "Condition": {
                      "actions": {
                        "Delay_1_hour_-_refresh_is_always_even_1_hour_or_more": {
                          "runAfter": {},
                          "metadata": {
                            "operationMetadataId": "e8843071-3b51-4378-a717-1ff439ca1252"
                          },
                          "type": "Wait",
                          "inputs": {
                            "interval": {
                              "count": 1,
                              "unit": "Hour"
                            }
                          }
                        },
                        "Do_until_-_Careful_Change_limits_up_to_300_(not_60)": {
                          "actions": {
                            "HTTP_-_Authentification_Refresh_the_TOKEN": {
                              "runAfter": {},
                              "metadata": {
                                "operationMetadataId": "750202a6-47bd-40e5-92fb-79b4a8bc1939"
                              },
                              "type": "Http",
                              "inputs": {
                                "method": "POST",
                                "uri": "https://login.microsoftonline.com/common/oauth2/token",
                                "headers": {
                                  "Content-Type": "application/x-www-form-urlencoded"
                                },
                                "body": "grant_type=password\n&username=@{variables('UserName')}\n&password=@{variables('Password')}\n&client_id=@{variables('ClientId')}\n&client_secret=@{variables('ClientSecret')}\n&resource=@{variables('LCSAPIUri')}"
                              }
                            },
                            "Parse_JSON_Authentif_refreshed": {
                              "runAfter": {
                                "HTTP_-_Authentification_Refresh_the_TOKEN": [
                                  "Succeeded"
                                ]
                              },
                              "metadata": {
                                "operationMetadataId": "22c45aa9-633f-4504-a528-b2c5054de854"
                              },
                              "type": "ParseJson",
                              "inputs": {
                                "content": "@body('HTTP_-_Authentification_Refresh_the_TOKEN')",
                                "schema": {
                                  "type": "object",
                                  "properties": {
                                    "token_type": {
                                      "type": "string"
                                    },
                                    "scope": {
                                      "type": "string"
                                    },
                                    "expires_in": {
                                      "type": "string"
                                    },
                                    "ext_expires_in": {
                                      "type": "string"
                                    },
                                    "expires_on": {
                                      "type": "string"
                                    },
                                    "not_before": {
                                      "type": "string"
                                    },
                                    "resource": {
                                      "type": "string"
                                    },
                                    "access_token": {
                                      "type": "string"
                                    },
                                    "refresh_token": {
                                      "type": "string"
                                    }
                                  }
                                }
                              }
                            },
                            "LCS_API_-_Status_Refresh": {
                              "runAfter": {
                                "Parse_JSON_Authentif_refreshed": [
                                  "Succeeded"
                                ]
                              },
                              "metadata": {
                                "operationMetadataId": "05902207-6465-418e-a78c-0a089bbb8330"
                              },
                              "type": "Http",
                              "inputs": {
                                "method": "GET",
                                "uri": "https://lcsapi.lcs.dynamics.com/databasemovement/v1/fetchstatus/project/@{variables('LCSProjectId')}/environment/@{variables('DestinationEnvironmentId')}/operationactivity/@{body('Parse_JSON_DB_Refresh')?['OperationActivityId']}",
                                "headers": {
                                  "Content-Type": "application/json",
                                  "Authorization": "Bearer @{body('Parse_JSON_Authentif_refreshed')?['access_token']}"
                                }
                              }
                            },
                            "Parse_JSON_Refresh_Status": {
                              "runAfter": {
                                "LCS_API_-_Status_Refresh": [
                                  "Succeeded"
                                ]
                              },
                              "metadata": {
                                "operationMetadataId": "58bece13-b5ae-4fcd-9786-8bcd95f57fc9"
                              },
                              "type": "ParseJson",
                              "inputs": {
                                "content": "@body('LCS_API_-_Status_Refresh')",
                                "schema": {
                                  "type": "object",
                                  "properties": {
                                    "IsSuccess": {
                                      "type": "boolean"
                                    },
                                    "OperationActivityId": {
                                      "type": "string"
                                    },
                                    "ErrorMessage": {},
                                    "VersionEOL": {
                                      "type": "string"
                                    },
                                    "ProjectId": {
                                      "type": "integer"
                                    },
                                    "EnvironmentId": {
                                      "type": "string"
                                    },
                                    "ActivityId": {
                                      "type": "string"
                                    },
                                    "CompletionDate": {},
                                    "OperationStatus": {
                                      "type": "string"
                                    }
                                  }
                                }
                              }
                            },
                            "Delay_to_check_every_5_minutes": {
                              "runAfter": {
                                "Parse_JSON_Refresh_Status": [
                                  "Succeeded"
                                ]
                              },
                              "metadata": {
                                "operationMetadataId": "887edfdc-1f87-48b4-827c-41cd01449da6"
                              },
                              "type": "Wait",
                              "inputs": {
                                "interval": {
                                  "count": 5,
                                  "unit": "Minute"
                                }
                              }
                            }
                          },
                          "runAfter": {
                            "Delay_1_hour_-_refresh_is_always_even_1_hour_or_more": [
                              "Succeeded"
                            ]
                          },
                          "expression": "@not(equals(body('Parse_JSON_Refresh_Status')?['OperationStatus'], 'InProgress'))",
                          "limit": {
                            "count": 300,
                            "timeout": "PT3H"
                          },
                          "metadata": {
                            "operationMetadataId": "0660e25e-6b58-4590-92f1-327794fb9b0b"
                          },
                          "type": "Until"
                        },
                        "Condition_Completed_or_SignOff": {
                          "actions": {
                            "Delay_again_because_of_the_Post_Servicing_Status_even_completed": {
                              "runAfter": {},
                              "metadata": {
                                "operationMetadataId": "fc918530-256e-4df5-ad26-8b229bfb34d8"
                              },
                              "type": "Wait",
                              "inputs": {
                                "interval": {
                                  "count": 30,
                                  "unit": "Minute"
                                }
                              }
                            },
                            "Respond_to_a_PowerApp_or_flow": {
                              "runAfter": {
                                "Delay_again_because_of_the_Post_Servicing_Status_even_completed": [
                                  "Succeeded"
                                ]
                              },
                              "metadata": {
                                "operationMetadataId": "425822d1-d23e-4ae2-82b8-7295b750e5d9"
                              },
                              "type": "Response",
                              "kind": "PowerApp",
                              "inputs": {
                                "statusCode": 200,
                                "body": {
                                  "status": "Finished"
                                },
                                "schema": {
                                  "type": "object",
                                  "properties": {
                                    "status": {
                                      "title": "Status",
                                      "x-ms-dynamically-added": true,
                                      "type": "string"
                                    }
                                  }
                                }
                              }
                            }
                          },
                          "runAfter": {
                            "Do_until_-_Careful_Change_limits_up_to_300_(not_60)": [
                              "Succeeded"
                            ]
                          },
                          "else": {
                            "actions": {
                              "Respond_to_a_PowerApp_or_flow_2": {
                                "runAfter": {},
                                "metadata": {
                                  "operationMetadataId": "d9d8cc5d-c022-4242-a117-b746f45f3167"
                                },
                                "type": "Response",
                                "kind": "PowerApp",
                                "inputs": {
                                  "statusCode": 200,
                                  "body": {
                                    "status": "Error"
                                  },
                                  "schema": {
                                    "type": "object",
                                    "properties": {
                                      "status": {
                                        "title": "Status",
                                        "x-ms-dynamically-added": true,
                                        "type": "string"
                                      }
                                    }
                                  }
                                }
                              }
                            }
                          },
                          "expression": {
                            "or": [
                              {
                                "equals": [
                                  "@body('Parse_JSON_Refresh_Status')?['OperationStatus']",
                                  "Completed"
                                ]
                              },
                              {
                                "equals": [
                                  "@body('Parse_JSON_Refresh_Status')?['OperationStatus']",
                                  "SignedOff"
                                ]
                              }
                            ]
                          },
                          "metadata": {
                            "operationMetadataId": "db4aabd5-5428-44bb-aa06-82cf201e07b7"
                          },
                          "type": "If"
                        }
                      },
                      "runAfter": {
                        "Parse_JSON_DB_Refresh": [
                          "Succeeded"
                        ]
                      },
                      "else": {
                        "actions": {
                          "Respond_to_a_PowerApp_or_flow_3": {
                            "runAfter": {},
                            "metadata": {
                              "operationMetadataId": "c4deee61-c05e-42a6-b9a9-f860cc220e19"
                            },
                            "type": "Response",
                            "kind": "PowerApp",
                            "inputs": {
                              "statusCode": 200,
                              "body": {
                                "status": "Error"
                              },
                              "schema": {
                                "type": "object",
                                "properties": {
                                  "status": {
                                    "title": "Status",
                                    "x-ms-dynamically-added": true,
                                    "type": "string"
                                  }
                                }
                              }
                            }
                          }
                        }
                      },
                      "expression": {
                        "equals": [
                          "@body('Parse_JSON_DB_Refresh')?['IsSuccess']",
                          true
                        ]
                      },
                      "metadata": {
                        "operationMetadataId": "3c7814c8-54ff-4796-b4e6-3cf53e7bd4fd"
                      },
                      "type": "If"
                    }
                  },
                  "runAfter": {},
                  "metadata": {
                    "operationMetadataId": "6576e04d-9bb8-4fd7-9a12-76f8e1f3bbc6"
                  },
                  "type": "Scope"
                }
              },
              "runAfter": {},
              "else": {
                "actions": {
                  "Respond_to_a_PowerApp_or_flow_4": {
                    "runAfter": {},
                    "metadata": {
                      "operationMetadataId": "13ef5aea-14c5-41d3-9383-62274776a92f"
                    },
                    "type": "Response",
                    "kind": "PowerApp",
                    "inputs": {
                      "statusCode": 200,
                      "body": {
                        "status": "Error"
                      },
                      "schema": {
                        "type": "object",
                        "properties": {
                          "status": {
                            "title": "Status",
                            "x-ms-dynamically-added": true,
                            "type": "string"
                          }
                        }
                      }
                    }
                  }
                }
              },
              "expression": {
                "or": [
                  {
                    "equals": [
                      "@variables('SourceType')",
                      990000001
                    ]
                  },
                  {
                    "equals": [
                      "@variables('SourceType')",
                      990000000
                    ]
                  }
                ]
              },
              "metadata": {
                "operationMetadataId": "5f501a51-0d18-407e-9207-418ff2aaa02c"
              },
              "type": "If"
            }
          },
          "runAfter": {
            "Retrieve_informations_needed_in_settings": [
              "Succeeded"
            ]
          },
          "else": {
            "actions": {
              "Respond_to_a_PowerApp_or_flow_5": {
                "runAfter": {},
                "metadata": {
                  "operationMetadataId": "e98676d0-4136-4617-983f-61747cbd3b74"
                },
                "type": "Response",
                "kind": "PowerApp",
                "inputs": {
                  "statusCode": 200,
                  "body": {
                    "status": "Error"
                  },
                  "schema": {
                    "type": "object",
                    "properties": {
                      "status": {
                        "title": "Status",
                        "x-ms-dynamically-added": true,
                        "type": "string"
                      }
                    }
                  }
                }
              }
            }
          },
          "expression": {
            "and": [
              {
                "equals": [
                  "@variables('DestinationType')",
                  990000001
                ]
              },
              {
                "greater": [
                  "@length(variables('SourceEnvironmentId'))",
                  1
                ]
              },
              {
                "greater": [
                  "@length(variables('LCSAPIUri'))",
                  1
                ]
              },
              {
                "greater": [
                  "@length(variables('ClientSecret'))",
                  1
                ]
              },
              {
                "greater": [
                  "@length(variables('ClientId'))",
                  1
                ]
              },
              {
                "greater": [
                  "@length(variables('Password'))",
                  1
                ]
              },
              {
                "greater": [
                  "@length(variables('LCSProjectId'))",
                  1
                ]
              },
              {
                "greater": [
                  "@length(variables('DestinationEnvironmentId'))",
                  1
                ]
              },
              {
                "greater": [
                  "@length(variables('SourceEnvironmentId'))",
                  1
                ]
              }
            ]
          },
          "metadata": {
            "operationMetadataId": "3c7814c8-54ff-4796-b4e6-3cf53e7bd4fd"
          },
          "type": "If"
        },
        "Retrieve_informations_needed_in_settings": {
          "actions": {
            "Retrieve_Customer_Data_ALM_Record": {
              "runAfter": {},
              "metadata": {
                "operationMetadataId": "419b8127-214b-4139-8695-fc4f6de59a10"
              },
              "type": "OpenApiConnection",
              "inputs": {
                "host": {
                  "connectionName": "shared_commondataserviceforapps",
                  "operationId": "ListRecords",
                  "apiId": "/providers/Microsoft.PowerApps/apis/shared_commondataserviceforapps"
                },
                "parameters": {
                  "entityName": "acl_customerdataalms",
                  "$filter": "acl_name eq '@{triggerBody()['text']}'"
                },
                "authentication": {
                  "type": "Raw",
                  "value": "@json(decodeBase64(triggerOutputs().headers['X-MS-APIM-Tokens']))['$ConnectionKey']"
                }
              }
            },
            "Apply_to_each": {
              "foreach": "@outputs('Retrieve_Customer_Data_ALM_Record')?['body/value']",
              "actions": {
                "Set_LCS_Project_Id": {
                  "runAfter": {},
                  "metadata": {
                    "operationMetadataId": "9c55a94d-a1fb-405e-985e-e9f4ab9a3bd6"
                  },
                  "type": "SetVariable",
                  "inputs": {
                    "name": "LCSProjectId",
                    "value": "@items('Apply_to_each')?['acl_lcsprojectid']"
                  }
                },
                "Set_LCS_API_URI": {
                  "runAfter": {
                    "Set_LCS_Project_Id": [
                      "Succeeded"
                    ]
                  },
                  "metadata": {
                    "operationMetadataId": "77f9f919-ab73-44ee-a940-0594232c4d2a"
                  },
                  "type": "SetVariable",
                  "inputs": {
                    "name": "LCSAPIUri",
                    "value": "@items('Apply_to_each')?['acl_lcsapiuri']"
                  }
                },
                "Set_Client_Id": {
                  "runAfter": {
                    "Set_LCS_API_URI": [
                      "Succeeded"
                    ]
                  },
                  "metadata": {
                    "operationMetadataId": "dc6db674-ba72-4ade-8769-77f8e786ead5"
                  },
                  "type": "SetVariable",
                  "inputs": {
                    "name": "ClientId",
                    "value": "@items('Apply_to_each')?['acl_lcsclientid']"
                  }
                },
                "Set_Client_Secret": {
                  "runAfter": {
                    "Set_Client_Id": [
                      "Succeeded"
                    ]
                  },
                  "metadata": {
                    "operationMetadataId": "89f4825c-c71f-4858-ab48-3ca9b55eadfd"
                  },
                  "type": "SetVariable",
                  "inputs": {
                    "name": "ClientSecret",
                    "value": "@items('Apply_to_each')?['acl_lcsclientsecret']"
                  }
                },
                "Set_UserName": {
                  "runAfter": {
                    "Set_Client_Secret": [
                      "Succeeded"
                    ]
                  },
                  "metadata": {
                    "operationMetadataId": "83537280-ec86-4702-b0f0-b1186ceeb4f3"
                  },
                  "type": "SetVariable",
                  "inputs": {
                    "name": "UserName",
                    "value": "@items('Apply_to_each')?['acl_username']"
                  }
                },
                "Set_Password": {
                  "runAfter": {
                    "Set_UserName": [
                      "Succeeded"
                    ]
                  },
                  "metadata": {
                    "operationMetadataId": "ae6eea82-2a44-48df-8e89-a83ea0c91e9d"
                  },
                  "type": "SetVariable",
                  "inputs": {
                    "name": "Password",
                    "value": "@items('Apply_to_each')?['acl_password']"
                  }
                }
              },
              "runAfter": {
                "Retrieve_Customer_Data_ALM_Record": [
                  "Succeeded"
                ]
              },
              "metadata": {
                "operationMetadataId": "fd78d750-0581-4124-9f90-c22864a0e4ea"
              },
              "type": "Foreach"
            },
            "Apply_to_each_2": {
              "foreach": "@outputs('Retrieve_Customer_Data_ALM_Record')?['body/value']",
              "actions": {
                "Retrieve_Environment_Source_Record": {
                  "runAfter": {},
                  "metadata": {
                    "operationMetadataId": "dbaf524f-4f69-443e-b769-31be8e57fe54"
                  },
                  "type": "OpenApiConnection",
                  "inputs": {
                    "host": {
                      "connectionName": "shared_commondataserviceforapps",
                      "operationId": "ListRecords",
                      "apiId": "/providers/Microsoft.PowerApps/apis/shared_commondataserviceforapps"
                    },
                    "parameters": {
                      "entityName": "acl_environments",
                      "$filter": "acl_name eq '@{triggerBody()['text_1']}' and _acl_customer_value eq @{items('Apply_to_each_2')?['acl_customerdataalmid']}"
                    },
                    "authentication": {
                      "type": "Raw",
                      "value": "@json(decodeBase64(triggerOutputs().headers['X-MS-APIM-Tokens']))['$ConnectionKey']"
                    }
                  }
                },
                "Apply_to_each_3": {
                  "foreach": "@outputs('Retrieve_Environment_Source_Record')?['body/value']",
                  "actions": {
                    "Set_Source_Environment_Id_FnO": {
                      "runAfter": {},
                      "metadata": {
                        "operationMetadataId": "771e5065-56ce-459a-a1a8-1edb770d6377"
                      },
                      "type": "SetVariable",
                      "inputs": {
                        "name": "SourceEnvironmentId",
                        "value": "@items('Apply_to_each_3')?['acl_environmentidfno']"
                      }
                    },
                    "Set_Source_Type_Environment": {
                      "runAfter": {
                        "Set_Source_Environment_Id_FnO": [
                          "Succeeded"
                        ]
                      },
                      "metadata": {
                        "operationMetadataId": "1e7502eb-bbee-49dd-9b02-ea9704541388"
                      },
                      "type": "SetVariable",
                      "inputs": {
                        "name": "SourceType",
                        "value": "@items('Apply_to_each_3')?['acl_type']"
                      }
                    }
                  },
                  "runAfter": {
                    "Retrieve_Environment_Source_Record": [
                      "Succeeded"
                    ]
                  },
                  "metadata": {
                    "operationMetadataId": "f4f24db1-72c2-4651-af3b-5c88127d5028"
                  },
                  "type": "Foreach"
                }
              },
              "runAfter": {
                "Apply_to_each": [
                  "Succeeded"
                ]
              },
              "metadata": {
                "operationMetadataId": "64c8d3b7-0ccb-4207-b87d-cf8b5f14bcb5"
              },
              "type": "Foreach"
            },
            "Apply_to_each_4": {
              "foreach": "@outputs('Retrieve_Customer_Data_ALM_Record')?['body/value']",
              "actions": {
                "Retrieve_Destination_Environment_Record": {
                  "runAfter": {},
                  "metadata": {
                    "operationMetadataId": "15168ec6-c43b-4c83-a57b-c36b14ba3513"
                  },
                  "type": "OpenApiConnection",
                  "inputs": {
                    "host": {
                      "connectionName": "shared_commondataserviceforapps",
                      "operationId": "ListRecords",
                      "apiId": "/providers/Microsoft.PowerApps/apis/shared_commondataserviceforapps"
                    },
                    "parameters": {
                      "entityName": "acl_environments",
                      "$filter": "acl_name eq '@{triggerBody()['text_2']}' and _acl_customer_value eq @{items('Apply_to_each_4')?['acl_customerdataalmid']}"
                    },
                    "authentication": {
                      "type": "Raw",
                      "value": "@json(decodeBase64(triggerOutputs().headers['X-MS-APIM-Tokens']))['$ConnectionKey']"
                    }
                  }
                },
                "Apply_to_each_5": {
                  "foreach": "@outputs('Retrieve_Destination_Environment_Record')?['body/value']",
                  "actions": {
                    "Set_Destination_Environment_Id_FnO": {
                      "runAfter": {},
                      "metadata": {
                        "operationMetadataId": "bf34e743-c0a5-4cd7-9acf-10edfbaa5f3a"
                      },
                      "type": "SetVariable",
                      "inputs": {
                        "name": "DestinationEnvironmentId",
                        "value": "@items('Apply_to_each_5')?['acl_environmentidfno']"
                      }
                    },
                    "Set_Destination_Type_Environment": {
                      "runAfter": {
                        "Set_Destination_Environment_Id_FnO": [
                          "Succeeded"
                        ]
                      },
                      "metadata": {
                        "operationMetadataId": "8e4aee86-ecdb-4fe9-94c4-b02f66d4ac04"
                      },
                      "type": "SetVariable",
                      "inputs": {
                        "name": "DestinationType",
                        "value": "@items('Apply_to_each_5')?['acl_type']"
                      }
                    }
                  },
                  "runAfter": {
                    "Retrieve_Destination_Environment_Record": [
                      "Succeeded"
                    ]
                  },
                  "metadata": {
                    "operationMetadataId": "e2980b5c-a107-49d1-a163-55f830411a47"
                  },
                  "type": "Foreach"
                }
              },
              "runAfter": {
                "Apply_to_each_2": [
                  "Succeeded"
                ]
              },
              "metadata": {
                "operationMetadataId": "8e713e30-76cb-4594-b8ba-e6058968547c"
              },
              "type": "Foreach"
            }
          },
          "runAfter": {
            "Init_VAR_-_LCS_API_Uri": [
              "Succeeded"
            ]
          },
          "metadata": {
            "operationMetadataId": "3d753bd0-548a-414b-94cd-f4e25eed6f3d"
          },
          "type": "Scope"
        },
        "Init_VAR_-_LCS_Project_Id": {
          "runAfter": {},
          "metadata": {
            "operationMetadataId": "7c0ab4dd-d7c3-4b3f-beea-a789908d72b5"
          },
          "type": "InitializeVariable",
          "inputs": {
            "variables": [
              {
                "name": "LCSProjectId",
                "type": "string"
              }
            ]
          }
        },
        "Init_VAR_-_Source_Environment_Id": {
          "runAfter": {
            "Init_VAR_-_LCS_Project_Id": [
              "Succeeded"
            ]
          },
          "metadata": {
            "operationMetadataId": "7bb9d7e5-712a-4b27-a375-47697646b65a"
          },
          "type": "InitializeVariable",
          "inputs": {
            "variables": [
              {
                "name": "SourceEnvironmentId",
                "type": "string"
              }
            ]
          }
        },
        "Init_VAR_-_Destination_Environment_Id": {
          "runAfter": {
            "Init_VAR_-_Source_Environment_Id": [
              "Succeeded"
            ]
          },
          "metadata": {
            "operationMetadataId": "e7002050-b9cd-4e68-a8e4-4e98eabd6a91"
          },
          "type": "InitializeVariable",
          "inputs": {
            "variables": [
              {
                "name": "DestinationEnvironmentId",
                "type": "string"
              }
            ]
          }
        },
        "Init_VAR_-_Source_Type": {
          "runAfter": {
            "Init_VAR_-_Destination_Environment_Id": [
              "Succeeded"
            ]
          },
          "metadata": {
            "operationMetadataId": "06bf3029-95a9-4c13-ae90-dbec575db77c"
          },
          "type": "InitializeVariable",
          "inputs": {
            "variables": [
              {
                "name": "SourceType",
                "type": "integer"
              }
            ]
          }
        },
        "Init_VAR_-_Destination_Type": {
          "runAfter": {
            "Init_VAR_-_Source_Type": [
              "Succeeded"
            ]
          },
          "metadata": {
            "operationMetadataId": "39d39b1e-fb69-47e6-861c-7980ca692fd5"
          },
          "type": "InitializeVariable",
          "inputs": {
            "variables": [
              {
                "name": "DestinationType",
                "type": "integer"
              }
            ]
          }
        },
        "Init_VAR_-_UserName": {
          "runAfter": {
            "Init_VAR_-_Destination_Type": [
              "Succeeded"
            ]
          },
          "metadata": {
            "operationMetadataId": "61ec04e8-7ad9-48a5-8076-4db7e2eeae07"
          },
          "type": "InitializeVariable",
          "inputs": {
            "variables": [
              {
                "name": "UserName",
                "type": "string"
              }
            ]
          }
        },
        "Init_VAR_-_Password": {
          "runAfter": {
            "Init_VAR_-_UserName": [
              "Succeeded"
            ]
          },
          "metadata": {
            "operationMetadataId": "9c21b787-9318-4f38-8124-72fca3a0b33f"
          },
          "type": "InitializeVariable",
          "inputs": {
            "variables": [
              {
                "name": "Password",
                "type": "string"
              }
            ]
          }
        },
        "Init_VAR_-_ClientId": {
          "runAfter": {
            "Init_VAR_-_Password": [
              "Succeeded"
            ]
          },
          "metadata": {
            "operationMetadataId": "e53d2482-969d-4d2e-83fd-243537e15d39"
          },
          "type": "InitializeVariable",
          "inputs": {
            "variables": [
              {
                "name": "ClientId",
                "type": "string"
              }
            ]
          }
        },
        "Init_VAR_-_ClientSecret": {
          "runAfter": {
            "Init_VAR_-_ClientId": [
              "Succeeded"
            ]
          },
          "metadata": {
            "operationMetadataId": "86e0c91e-4ad8-4bbf-a308-a96d0461f65a"
          },
          "type": "InitializeVariable",
          "inputs": {
            "variables": [
              {
                "name": "ClientSecret",
                "type": "string"
              }
            ]
          }
        },
        "Init_VAR_-_LCS_API_Uri": {
          "runAfter": {
            "Init_VAR_-_ClientSecret": [
              "Succeeded"
            ]
          },
          "metadata": {
            "operationMetadataId": "7a6affe4-28d6-4916-b48e-d68bca7aa117"
          },
          "type": "InitializeVariable",
          "inputs": {
            "variables": [
              {
                "name": "LCSAPIUri",
                "type": "string"
              }
            ]
          }
        }
      }
    },
    "templateName": null
  },
  "schemaVersion": "1.0.0.0"
}