{
  "properties": {
    "connectionReferences": {
      "shared_commondataserviceforapps": {
        "runtimeSource": "embedded",
        "connection": {
          "connectionReferenceLogicalName": "acl_sharedcommondataserviceforapps_09178"
        },
        "api": {
          "name": "shared_commondataserviceforapps"
        }
      }
    },
    "definition": {
      "$schema": "https://schema.management.azure.com/providers/Microsoft.Logic/schemas/2016-06-01/workflowdefinition.json#",
      "contentVersion": "1.0.0.0",
      "parameters": {
        "$connections": {
          "defaultValue": {},
          "type": "Object"
        },
        "$authentication": {
          "defaultValue": {},
          "type": "SecureObject"
        }
      },
      "triggers": {
        "manual": {
          "metadata": {
            "operationMetadataId": "0fddb26f-76e9-4a7b-8587-8c6bbc0f1000"
          },
          "type": "Request",
          "kind": "Button",
          "inputs": {
            "schema": {
              "type": "object",
              "properties": {
                "text": {
                  "title": "CustomerName",
                  "type": "string",
                  "x-ms-dynamically-added": true,
                  "description": "Please enter your input",
                  "x-ms-content-hint": "TEXT"
                }
              },
              "required": [
                "text"
              ]
            }
          }
        }
      },
      "actions": {
        "Retrieve_the_Customer": {
          "runAfter": {},
          "metadata": {
            "operationMetadataId": "bd62ce3b-5cb5-4871-b03c-06424e7e9816"
          },
          "type": "OpenApiConnection",
          "inputs": {
            "host": {
              "connectionName": "shared_commondataserviceforapps",
              "operationId": "ListRecords",
              "apiId": "/providers/Microsoft.PowerApps/apis/shared_commondataserviceforapps"
            },
            "parameters": {
              "entityName": "acl_customerdataalms",
              "$filter": "acl_name eq '@{triggerBody()['text']}'"
            },
            "authentication": {
              "type": "Raw",
              "value": "@json(decodeBase64(triggerOutputs().headers['X-MS-APIM-Tokens']))['$ConnectionKey']"
            }
          }
        },
        "Apply_to_each": {
          "foreach": "@outputs('Retrieve_the_Customer')?['body/value']",
          "actions": {
            "Retrieve_all_Azure_CHE_for_this_customer": {
              "runAfter": {},
              "metadata": {
                "operationMetadataId": "b577073a-223e-40e1-af27-a67dfb03a69d"
              },
              "type": "OpenApiConnection",
              "inputs": {
                "host": {
                  "connectionName": "shared_commondataserviceforapps",
                  "operationId": "ListRecords",
                  "apiId": "/providers/Microsoft.PowerApps/apis/shared_commondataserviceforapps"
                },
                "parameters": {
                  "entityName": "acl_environments",
                  "$filter": "_acl_customer_value eq @{items('Apply_to_each')?['acl_customerdataalmid']} and acl_type eq 990000002"
                },
                "authentication": {
                  "type": "Raw",
                  "value": "@json(decodeBase64(triggerOutputs().headers['X-MS-APIM-Tokens']))['$ConnectionKey']"
                }
              }
            },
            "For_Each_of_them": {
              "foreach": "@outputs('Retrieve_all_Azure_CHE_for_this_customer')?['body/value']",
              "actions": {
                "Restore_latest_DB_backup_made_on_all_of_them": {
                  "runAfter": {},
                  "metadata": {
                    "operationMetadataId": "91b9218e-4c08-42e2-99f4-2a573fe98738"
                  },
                  "type": "Workflow",
                  "inputs": {
                    "host": {
                      "workflowReferenceName": "82fc276d-8123-ed11-b83d-000d3aaea7f0"
                    },
                    "body": {
                      "text": "@triggerBody()['text']",
                      "text_1": "@items('For_Each_of_them')?['acl_name']"
                    }
                  }
                }
              },
              "runAfter": {
                "Retrieve_all_Azure_CHE_for_this_customer": [
                  "Succeeded"
                ]
              },
              "metadata": {
                "operationMetadataId": "b4f55ff0-c086-44bc-aecb-00fd2b56bdc3"
              },
              "type": "Foreach",
              "runtimeConfiguration": {
                "concurrency": {
                  "repetitions": 20
                }
              }
            }
          },
          "runAfter": {
            "Retrieve_the_Customer": [
              "Succeeded"
            ]
          },
          "metadata": {
            "operationMetadataId": "d1b630b7-2b87-4b3c-ad72-c61aa0c290e7"
          },
          "type": "Foreach"
        }
      }
    },
    "templateName": null
  },
  "schemaVersion": "1.0.0.0"
}