{
  "properties": {
    "connectionReferences": {
      "shared_commondataserviceforapps": {
        "runtimeSource": "embedded",
        "connection": {
          "connectionReferenceLogicalName": "acl_sharedcommondataserviceforapps_09178"
        },
        "api": {
          "name": "shared_commondataserviceforapps"
        }
      }
    },
    "definition": {
      "$schema": "https://schema.management.azure.com/providers/Microsoft.Logic/schemas/2016-06-01/workflowdefinition.json#",
      "contentVersion": "1.0.0.0",
      "parameters": {
        "$connections": {
          "defaultValue": {},
          "type": "Object"
        },
        "$authentication": {
          "defaultValue": {},
          "type": "SecureObject"
        }
      },
      "triggers": {
        "manual": {
          "metadata": {
            "operationMetadataId": "0cb359d9-d159-4e17-9b9a-769b9c30d8bb"
          },
          "type": "Request",
          "kind": "Button",
          "inputs": {
            "schema": {
              "type": "object",
              "properties": {
                "text": {
                  "title": "CustomerName",
                  "type": "string",
                  "x-ms-dynamically-added": true,
                  "description": "Please enter your input",
                  "x-ms-content-hint": "TEXT"
                },
                "text_1": {
                  "title": "EnvironmentName",
                  "type": "string",
                  "x-ms-dynamically-added": true,
                  "description": "Please enter your input",
                  "x-ms-content-hint": "TEXT"
                }
              },
              "required": [
                "text",
                "text_1"
              ]
            }
          }
        }
      },
      "actions": {
        "Init_VAR_-_LCS_Project_ID": {
          "runAfter": {
            "Init_VAR_-_Wehbook_Automation": [
              "Succeeded"
            ]
          },
          "metadata": {
            "operationMetadataId": "5e5fdfb9-e962-4847-816b-946ca30aa328"
          },
          "type": "InitializeVariable",
          "inputs": {
            "variables": [
              {
                "name": "LCSProjectId",
                "type": "string"
              }
            ]
          }
        },
        "Init_VAR_-_LCS_API_URI": {
          "runAfter": {
            "Init_VAR_-_LCS_Project_ID": [
              "Succeeded"
            ]
          },
          "metadata": {
            "operationMetadataId": "c9c4f5c6-53e6-4265-ade9-70a93783b6e9"
          },
          "type": "InitializeVariable",
          "inputs": {
            "variables": [
              {
                "name": "LCSAPIUri",
                "type": "string"
              }
            ]
          }
        },
        "Init_VAR_-_LCS_Client_Id": {
          "runAfter": {
            "Init_VAR_-_LCS_API_URI": [
              "Succeeded"
            ]
          },
          "metadata": {
            "operationMetadataId": "bcd32af5-497b-45ff-95cb-86e2984961ad"
          },
          "type": "InitializeVariable",
          "inputs": {
            "variables": [
              {
                "name": "LCSClientId",
                "type": "string"
              }
            ]
          }
        },
        "Init_VAR_-_Wehbook_Automation": {
          "runAfter": {},
          "metadata": {
            "operationMetadataId": "ef14e40b-bc2a-42b0-a4d7-8bd50dfa98a2"
          },
          "type": "InitializeVariable",
          "inputs": {
            "variables": [
              {
                "name": "WebhookAutomation",
                "type": "string"
              }
            ]
          }
        },
        "Init_VAR_-_UserName": {
          "runAfter": {
            "Init_VAR_-_LCS_Client_Id": [
              "Succeeded"
            ]
          },
          "metadata": {
            "operationMetadataId": "324cfb9f-2192-44cb-801d-e5fe5cff0bbe"
          },
          "type": "InitializeVariable",
          "inputs": {
            "variables": [
              {
                "name": "UserName",
                "type": "string"
              }
            ]
          }
        },
        "Init_VAR_-_Password": {
          "runAfter": {
            "Init_VAR_-_UserName": [
              "Succeeded"
            ]
          },
          "metadata": {
            "operationMetadataId": "b359737c-4036-4d37-9a6a-b22b00f4062d"
          },
          "type": "InitializeVariable",
          "inputs": {
            "variables": [
              {
                "name": "Password",
                "type": "string"
              }
            ]
          }
        },
        "Init_VAR_-_Azure_RG_Name": {
          "runAfter": {
            "Init_VAR_-_Password": [
              "Succeeded"
            ]
          },
          "metadata": {
            "operationMetadataId": "96acc658-6524-4bf7-a061-b3bd01681617"
          },
          "type": "InitializeVariable",
          "inputs": {
            "variables": [
              {
                "name": "AzureRGName",
                "type": "string"
              }
            ]
          }
        },
        "Init_VAR_-_Azure_VM_Name": {
          "runAfter": {
            "Init_VAR_-_Azure_RG_Name": [
              "Succeeded"
            ]
          },
          "metadata": {
            "operationMetadataId": "35f71035-c6ab-4faa-a26e-a75ec8e56ef7"
          },
          "type": "InitializeVariable",
          "inputs": {
            "variables": [
              {
                "name": "AzureVMName",
                "type": "string"
              }
            ]
          }
        },
        "Init_VAR_-_Server_Instance": {
          "runAfter": {
            "Init_VAR_-_Azure_VM_Name": [
              "Succeeded"
            ]
          },
          "metadata": {
            "operationMetadataId": "9edcea84-6dad-4af3-9b59-996df334f117"
          },
          "type": "InitializeVariable",
          "inputs": {
            "variables": [
              {
                "name": "ServerInstance",
                "type": "string"
              }
            ]
          }
        },
        "Condition_to_call_if_all_important_variables_are_really_well_retrieved_and_CHE": {
          "actions": {
            "Azure_Automation_Scope_to_launch_Powershell_of_restore_DB_in_CHE": {
              "actions": {
                "Compose_JSON_Webhook": {
                  "runAfter": {},
                  "metadata": {
                    "operationMetadataId": "2c5ba752-d60f-474a-89b6-a2f4c17848d9"
                  },
                  "type": "Compose",
                  "inputs": {
                    "rgname": "@{variables('AzureRGName')}",
                    "vmname": "@{variables('AzureVMName')}",
                    "UserName": "@{variables('UserName')}",
                    "Password": "@{variables('Password')}",
                    "ClientId": "@{variables('LCSClientId')}",
                    "ProjectId": "@{variables('LCSProjectId')}",
                    "LcsApiUri": "@{variables('LCSAPIUri')}",
                    "ServerInstance": "@{variables('ServerInstance')}"
                  }
                },
                "Call_Azure_Automation_to_restore_DB_on_CHE": {
                  "runAfter": {
                    "Compose_JSON_Webhook": [
                      "Succeeded"
                    ]
                  },
                  "metadata": {
                    "operationMetadataId": "b71a7c55-449a-49d0-a2c2-bd5ec9d0dc8c"
                  },
                  "type": "Http",
                  "inputs": {
                    "method": "POST",
                    "uri": "@variables('WebhookAutomation')",
                    "body": "@outputs('Compose_JSON_Webhook')"
                  }
                }
              },
              "runAfter": {},
              "metadata": {
                "operationMetadataId": "5c4506f9-5d75-4e75-a8c0-b578233a403d"
              },
              "type": "Scope"
            },
            "Respond_to_a_PowerApp_or_flow_2": {
              "runAfter": {
                "Azure_Automation_Scope_to_launch_Powershell_of_restore_DB_in_CHE": [
                  "Succeeded"
                ]
              },
              "metadata": {
                "operationMetadataId": "f855567c-cf1d-463c-b8d1-1734b78abe04"
              },
              "type": "Response",
              "kind": "PowerApp",
              "inputs": {
                "statusCode": 200,
                "body": {
                  "status": "Finished"
                },
                "schema": {
                  "type": "object",
                  "properties": {
                    "status": {
                      "title": "Status",
                      "x-ms-dynamically-added": true,
                      "type": "string"
                    }
                  }
                }
              }
            }
          },
          "runAfter": {
            "Retrieve_informations_needed_in_settings": [
              "Succeeded"
            ]
          },
          "else": {
            "actions": {
              "Respond_to_a_PowerApp_or_flow": {
                "runAfter": {},
                "metadata": {
                  "operationMetadataId": "6caf9a90-e008-4f30-8876-acf52fa550ac"
                },
                "type": "Response",
                "kind": "PowerApp",
                "inputs": {
                  "statusCode": 200,
                  "body": {
                    "status": "Error"
                  },
                  "schema": {
                    "type": "object",
                    "properties": {
                      "status": {
                        "title": "Status",
                        "x-ms-dynamically-added": true,
                        "type": "string"
                      }
                    }
                  }
                }
              }
            }
          },
          "expression": {
            "and": [
              {
                "greater": [
                  "@length(variables('AzureVMName'))",
                  1
                ]
              },
              {
                "greater": [
                  "@length(variables('WebhookAutomation'))",
                  1
                ]
              },
              {
                "greater": [
                  "@length(variables('AzureRGName'))",
                  1
                ]
              },
              {
                "greater": [
                  "@length(variables('ServerInstance'))",
                  1
                ]
              },
              {
                "greater": [
                  "@length(variables('LCSClientId'))",
                  1
                ]
              },
              {
                "greater": [
                  "@length(variables('LCSAPIUri'))",
                  1
                ]
              },
              {
                "greater": [
                  "@length(variables('LCSProjectId'))",
                  1
                ]
              },
              {
                "equals": [
                  "@variables('Type')",
                  990000002
                ]
              }
            ]
          },
          "metadata": {
            "operationMetadataId": "eedd60fd-e0f2-409a-8a0d-5baeec68639e"
          },
          "type": "If"
        },
        "Init_VAR_-_Type": {
          "runAfter": {
            "Init_VAR_-_Server_Instance": [
              "Succeeded"
            ]
          },
          "metadata": {
            "operationMetadataId": "55038fcc-d046-4347-a26e-a365e8ae8f21"
          },
          "type": "InitializeVariable",
          "inputs": {
            "variables": [
              {
                "name": "Type",
                "type": "integer"
              }
            ]
          }
        },
        "Retrieve_informations_needed_in_settings": {
          "actions": {
            "Retrieve_Customer_Data_ALM_Record": {
              "runAfter": {},
              "metadata": {
                "operationMetadataId": "2e1bbe73-bea4-43a2-9c20-ca05a2851ed7"
              },
              "type": "OpenApiConnection",
              "inputs": {
                "host": {
                  "connectionName": "shared_commondataserviceforapps",
                  "operationId": "ListRecords",
                  "apiId": "/providers/Microsoft.PowerApps/apis/shared_commondataserviceforapps"
                },
                "parameters": {
                  "entityName": "acl_customerdataalms",
                  "$filter": "acl_name eq '@{triggerBody()['text']}'"
                },
                "authentication": {
                  "type": "Raw",
                  "value": "@json(decodeBase64(triggerOutputs().headers['X-MS-APIM-Tokens']))['$ConnectionKey']"
                }
              }
            },
            "Apply_to_each": {
              "foreach": "@outputs('Retrieve_Customer_Data_ALM_Record')?['body/value']",
              "actions": {
                "Set_LCS_Project_Id": {
                  "runAfter": {},
                  "metadata": {
                    "operationMetadataId": "623fa8f1-95ab-43c7-9c9f-532b4801ef2d"
                  },
                  "type": "SetVariable",
                  "inputs": {
                    "name": "LCSProjectId",
                    "value": "@items('Apply_to_each')?['acl_lcsprojectid']"
                  }
                },
                "Set_LCS_API_Uri": {
                  "runAfter": {
                    "Set_LCS_Project_Id": [
                      "Succeeded"
                    ]
                  },
                  "metadata": {
                    "operationMetadataId": "23298007-49ca-44ed-97f4-c2cd8f85944e"
                  },
                  "type": "SetVariable",
                  "inputs": {
                    "name": "LCSAPIUri",
                    "value": "@items('Apply_to_each')?['acl_lcsapiuri']"
                  }
                },
                "Set_LCS_Client_Id": {
                  "runAfter": {
                    "Set_LCS_API_Uri": [
                      "Succeeded"
                    ]
                  },
                  "metadata": {
                    "operationMetadataId": "4879b102-9eb4-49b7-b0e9-43ca9f292a26"
                  },
                  "type": "SetVariable",
                  "inputs": {
                    "name": "LCSClientId",
                    "value": "@items('Apply_to_each')?['acl_lcsclientid']"
                  }
                },
                "Set_Webhook_Automation": {
                  "runAfter": {
                    "Set_LCS_Client_Id": [
                      "Succeeded"
                    ]
                  },
                  "metadata": {
                    "operationMetadataId": "b580ea13-4ecc-4625-ba29-c1fdf55f3eed"
                  },
                  "type": "SetVariable",
                  "inputs": {
                    "name": "WebhookAutomation",
                    "value": "@items('Apply_to_each')?['acl_webhookautomation']"
                  }
                },
                "Set_UserName_LCS": {
                  "runAfter": {
                    "Set_Webhook_Automation": [
                      "Succeeded"
                    ]
                  },
                  "metadata": {
                    "operationMetadataId": "80b68c38-2fb7-44fc-ae09-f029f7440846"
                  },
                  "type": "SetVariable",
                  "inputs": {
                    "name": "UserName",
                    "value": "@items('Apply_to_each')?['acl_username']"
                  }
                },
                "Set_Pwd_LCS": {
                  "runAfter": {
                    "Set_UserName_LCS": [
                      "Succeeded"
                    ]
                  },
                  "metadata": {
                    "operationMetadataId": "2830c0ae-47f4-4816-8980-8a0734be8c41"
                  },
                  "type": "SetVariable",
                  "inputs": {
                    "name": "Password",
                    "value": "@items('Apply_to_each')?['acl_password']"
                  }
                }
              },
              "runAfter": {
                "Retrieve_Customer_Data_ALM_Record": [
                  "Succeeded"
                ]
              },
              "metadata": {
                "operationMetadataId": "9047c0db-9141-4dd2-87ef-329bf9bf52fa"
              },
              "type": "Foreach"
            },
            "Apply_to_each_2": {
              "foreach": "@outputs('Retrieve_Customer_Data_ALM_Record')?['body/value']",
              "actions": {
                "Retrieve_Environment_Data_ALM_Record": {
                  "runAfter": {},
                  "metadata": {
                    "operationMetadataId": "e76b8194-0672-4ac3-a961-504931762289"
                  },
                  "type": "OpenApiConnection",
                  "inputs": {
                    "host": {
                      "connectionName": "shared_commondataserviceforapps",
                      "operationId": "ListRecords",
                      "apiId": "/providers/Microsoft.PowerApps/apis/shared_commondataserviceforapps"
                    },
                    "parameters": {
                      "entityName": "acl_environments",
                      "$filter": "acl_name eq '@{triggerBody()['text_1']}' and _acl_customer_value eq @{items('Apply_to_each_2')?['acl_customerdataalmid']}"
                    },
                    "authentication": {
                      "type": "Raw",
                      "value": "@json(decodeBase64(triggerOutputs().headers['X-MS-APIM-Tokens']))['$ConnectionKey']"
                    }
                  }
                },
                "Apply_to_each_3": {
                  "foreach": "@outputs('Retrieve_Environment_Data_ALM_Record')?['body/value']",
                  "actions": {
                    "Set_ServerInstance": {
                      "runAfter": {},
                      "metadata": {
                        "operationMetadataId": "c05d157e-4918-41d6-ac11-65489b21f0ce"
                      },
                      "type": "SetVariable",
                      "inputs": {
                        "name": "ServerInstance",
                        "value": "@items('Apply_to_each_3')?['acl_serverinstance']"
                      }
                    },
                    "Set_Azure_VM_Name": {
                      "runAfter": {
                        "Set_ServerInstance": [
                          "Succeeded"
                        ]
                      },
                      "metadata": {
                        "operationMetadataId": "4ef34f83-640d-494f-82fc-757d198f0f79"
                      },
                      "type": "SetVariable",
                      "inputs": {
                        "name": "AzureVMName",
                        "value": "@items('Apply_to_each_3')?['acl_azurevmname']"
                      }
                    },
                    "Set_Azure_RG_Name": {
                      "runAfter": {
                        "Set_Azure_VM_Name": [
                          "Succeeded"
                        ]
                      },
                      "metadata": {
                        "operationMetadataId": "3d7c0dec-6ef0-488b-993c-e1ff012a0243"
                      },
                      "type": "SetVariable",
                      "inputs": {
                        "name": "AzureRGName",
                        "value": "@items('Apply_to_each_3')?['acl_azurergname']"
                      }
                    },
                    "Set_Type_Environment": {
                      "runAfter": {
                        "Set_Azure_RG_Name": [
                          "Succeeded"
                        ]
                      },
                      "metadata": {
                        "operationMetadataId": "c6048f66-7923-409f-8cea-c8ee07dcb1ae"
                      },
                      "type": "SetVariable",
                      "inputs": {
                        "name": "Type",
                        "value": "@items('Apply_to_each_3')?['acl_type']"
                      }
                    }
                  },
                  "runAfter": {
                    "Retrieve_Environment_Data_ALM_Record": [
                      "Succeeded"
                    ]
                  },
                  "metadata": {
                    "operationMetadataId": "a77ff4fb-00b3-4cc1-ac49-0b075e329588"
                  },
                  "type": "Foreach"
                }
              },
              "runAfter": {
                "Apply_to_each": [
                  "Succeeded"
                ]
              },
              "metadata": {
                "operationMetadataId": "c7c9bffd-9bf1-4e38-9359-12cfd0c69168"
              },
              "type": "Foreach"
            }
          },
          "runAfter": {
            "Init_VAR_-_Type": [
              "Succeeded"
            ]
          },
          "metadata": {
            "operationMetadataId": "f40ca051-1c34-4148-a34b-d1f4667a9fc2"
          },
          "type": "Scope"
        }
      }
    }
  },
  "schemaVersion": "1.0.0.0"
}