{
  "properties": {
    "connectionReferences": {
      "shared_commondataserviceforapps": {
        "runtimeSource": "embedded",
        "connection": {
          "connectionReferenceLogicalName": "acl_sharedcommondataserviceforapps_09178"
        },
        "api": {
          "name": "shared_commondataserviceforapps"
        }
      }
    },
    "definition": {
      "$schema": "https://schema.management.azure.com/providers/Microsoft.Logic/schemas/2016-06-01/workflowdefinition.json#",
      "contentVersion": "1.0.0.0",
      "parameters": {
        "$connections": {
          "defaultValue": {},
          "type": "Object"
        },
        "$authentication": {
          "defaultValue": {},
          "type": "SecureObject"
        }
      },
      "triggers": {
        "manual": {
          "metadata": {
            "operationMetadataId": "284fb407-9911-4bba-b1d5-0fff88f9d366"
          },
          "type": "Request",
          "kind": "Button",
          "inputs": {
            "schema": {
              "type": "object",
              "properties": {
                "text": {
                  "title": "CustomerName",
                  "type": "string",
                  "x-ms-dynamically-added": true,
                  "description": "Please enter your input",
                  "x-ms-content-hint": "TEXT"
                },
                "text_1": {
                  "title": "EnvironmentName",
                  "type": "string",
                  "x-ms-dynamically-added": true,
                  "description": "Please enter your input",
                  "x-ms-content-hint": "TEXT"
                }
              },
              "required": [
                "text",
                "text_1"
              ]
            }
          }
        }
      },
      "actions": {
        "Init_VAR_-_LCS_ProjectId": {
          "runAfter": {
            "Init_VAR_-_BackupName": [
              "Succeeded"
            ]
          },
          "metadata": {
            "operationMetadataId": "07d71544-ec28-40b8-9b61-41c284a28a08"
          },
          "type": "InitializeVariable",
          "inputs": {
            "variables": [
              {
                "name": "LCSProjectId",
                "type": "string"
              }
            ]
          }
        },
        "Init_VAR_-_LCS_Environment_Id": {
          "runAfter": {
            "Init_VAR_-_LCS_ProjectId": [
              "Succeeded"
            ]
          },
          "metadata": {
            "operationMetadataId": "a45a864b-aeeb-4244-9741-4a7b36269d8b"
          },
          "type": "InitializeVariable",
          "inputs": {
            "variables": [
              {
                "name": "EnvironmentId",
                "type": "string"
              }
            ]
          }
        },
        "Init_VAR_-_Type": {
          "runAfter": {
            "Init_VAR_-_LCS_Environment_Id": [
              "Succeeded"
            ]
          },
          "metadata": {
            "operationMetadataId": "8659a03e-c4bd-484a-8db5-0b0bf82364d3"
          },
          "type": "InitializeVariable",
          "inputs": {
            "variables": [
              {
                "name": "Type",
                "type": "integer"
              }
            ]
          }
        },
        "Init_VAR_-_CurrentDateTime": {
          "runAfter": {},
          "metadata": {
            "operationMetadataId": "55938004-9f4b-49c9-b169-e6120706c688"
          },
          "type": "InitializeVariable",
          "inputs": {
            "variables": [
              {
                "name": "currentDateTime",
                "type": "string",
                "value": "@{replace(substring(string(addHours(utcNow(),2)),0,10),'-','_')}"
              }
            ]
          }
        },
        "Init_VAR_-_BackupName": {
          "runAfter": {
            "Init_VAR_-_CurrentDateTime": [
              "Succeeded"
            ]
          },
          "metadata": {
            "operationMetadataId": "a7b552e9-e45a-45c2-adb0-d963d5060aae"
          },
          "type": "InitializeVariable",
          "inputs": {
            "variables": [
              {
                "name": "BackupName",
                "type": "string",
                "value": "@{triggerBody()['text_1']}_@{variables('currentDateTime')}"
              }
            ]
          }
        },
        "Init_VAR_-_Client_Id": {
          "runAfter": {
            "Init_VAR_-_Type": [
              "Succeeded"
            ]
          },
          "metadata": {
            "operationMetadataId": "47c27dd2-22b5-46c6-a0c6-8cafc18dea55"
          },
          "type": "InitializeVariable",
          "inputs": {
            "variables": [
              {
                "name": "ClientId",
                "type": "string"
              }
            ]
          }
        },
        "Init_VAR_-_Client_Secret": {
          "runAfter": {
            "Init_VAR_-_Client_Id": [
              "Succeeded"
            ]
          },
          "metadata": {
            "operationMetadataId": "4aeac77a-acb7-4531-ab99-fe1e6b15d4f3"
          },
          "type": "InitializeVariable",
          "inputs": {
            "variables": [
              {
                "name": "ClientSecret",
                "type": "string"
              }
            ]
          }
        },
        "Init_VAR_-_UserName": {
          "runAfter": {
            "Init_VAR_-_Client_Secret": [
              "Succeeded"
            ]
          },
          "metadata": {
            "operationMetadataId": "4d004445-b6af-429c-af09-28a870b84fbb"
          },
          "type": "InitializeVariable",
          "inputs": {
            "variables": [
              {
                "name": "UserName",
                "type": "string"
              }
            ]
          }
        },
        "Init_VAR_-_Password": {
          "runAfter": {
            "Init_VAR_-_UserName": [
              "Succeeded"
            ]
          },
          "metadata": {
            "operationMetadataId": "d6ae6973-c9e3-4c40-bbe6-33a0f43cd9d6"
          },
          "type": "InitializeVariable",
          "inputs": {
            "variables": [
              {
                "name": "Password",
                "type": "string"
              }
            ]
          }
        },
        "Init_VAR_-_LCS_API_URI": {
          "runAfter": {
            "Init_VAR_-_Password": [
              "Succeeded"
            ]
          },
          "metadata": {
            "operationMetadataId": "74e954fa-c3af-428e-9096-f933783a2d94"
          },
          "type": "InitializeVariable",
          "inputs": {
            "variables": [
              {
                "name": "LCSAPIUri",
                "type": "string"
              }
            ]
          }
        },
        "Condition_to_call_if_all_important_variables_are_really_well_retrieved_and_TIER2": {
          "actions": {
            "Backup_DB_Scope": {
              "actions": {
                "HTTP_-_Authentification_Token": {
                  "runAfter": {},
                  "metadata": {
                    "operationMetadataId": "ccbc1914-faac-437f-9aa1-3c264084d896"
                  },
                  "type": "Http",
                  "inputs": {
                    "method": "POST",
                    "uri": "https://login.microsoftonline.com/common/oauth2/token",
                    "headers": {
                      "Content-Type": "application/x-www-form-urlencoded"
                    },
                    "body": "grant_type=password\n&username=@{variables('UserName')}\n&password=@{variables('Password')}\n&client_id=@{variables('ClientId')}\n&client_secret=@{variables('ClientSecret')}\n&resource=@{variables('LCSAPIUri')}"
                  }
                },
                "Parse_JSON_Token": {
                  "runAfter": {
                    "HTTP_-_Authentification_Token": [
                      "Succeeded"
                    ]
                  },
                  "metadata": {
                    "operationMetadataId": "5ac78e0a-481f-4f9b-8e49-7024e8395103"
                  },
                  "type": "ParseJson",
                  "inputs": {
                    "content": "@body('HTTP_-_Authentification_Token')",
                    "schema": {
                      "type": "object",
                      "properties": {
                        "token_type": {
                          "type": "string"
                        },
                        "scope": {
                          "type": "string"
                        },
                        "expires_in": {
                          "type": "string"
                        },
                        "ext_expires_in": {
                          "type": "string"
                        },
                        "expires_on": {
                          "type": "string"
                        },
                        "not_before": {
                          "type": "string"
                        },
                        "resource": {
                          "type": "string"
                        },
                        "access_token": {
                          "type": "string"
                        },
                        "refresh_token": {
                          "type": "string"
                        }
                      }
                    }
                  }
                },
                "LCS_DataALM_Call_API_to_Backup": {
                  "runAfter": {
                    "Parse_JSON_Token": [
                      "Succeeded"
                    ]
                  },
                  "metadata": {
                    "operationMetadataId": "a910009d-5c9f-423c-8028-7baa6bacc5d9"
                  },
                  "type": "Http",
                  "inputs": {
                    "method": "POST",
                    "uri": "https://lcsapi.lcs.dynamics.com/databasemovement/v1/export/project/@{variables('LCSProjectId')}/environment/@{variables('EnvironmentId')}/backupName/@{variables('BackupName')}",
                    "headers": {
                      "Content-Type": "application/json",
                      "Authorization": "Bearer @{body('Parse_JSON_Token')?['access_token']}"
                    }
                  }
                },
                "Parse_JSON_Result": {
                  "runAfter": {
                    "LCS_DataALM_Call_API_to_Backup": [
                      "Succeeded"
                    ]
                  },
                  "metadata": {
                    "operationMetadataId": "b540a96b-b1df-4081-ab10-c3958a70fed2"
                  },
                  "type": "ParseJson",
                  "inputs": {
                    "content": "@body('LCS_DataALM_Call_API_to_Backup')",
                    "schema": {
                      "type": "object",
                      "properties": {
                        "IsSuccess": {
                          "type": "boolean"
                        },
                        "OperationActivityId": {
                          "type": "string"
                        },
                        "ErrorMessage": {},
                        "VersionEOL": {
                          "type": "string"
                        }
                      }
                    }
                  }
                }
              },
              "runAfter": {},
              "metadata": {
                "operationMetadataId": "f8c41372-aaac-434e-a043-76f8d70905d1"
              },
              "type": "Scope"
            },
            "Condition": {
              "actions": {
                "Delay_1_hour_-_backup_is_always_even_1_hour_or_more": {
                  "runAfter": {},
                  "metadata": {
                    "operationMetadataId": "ecdeedcd-e496-49c1-a4a2-f8b492d1a278"
                  },
                  "type": "Wait",
                  "inputs": {
                    "interval": {
                      "count": 1,
                      "unit": "Hour"
                    }
                  }
                },
                "Do_until": {
                  "actions": {
                    "HTTP_-_Authentification_Refresh_the_TOKEN": {
                      "runAfter": {},
                      "metadata": {
                        "operationMetadataId": "ccbc1914-faac-437f-9aa1-3c264084d896"
                      },
                      "type": "Http",
                      "inputs": {
                        "method": "POST",
                        "uri": "https://login.microsoftonline.com/common/oauth2/token",
                        "headers": {
                          "Content-Type": "application/x-www-form-urlencoded"
                        },
                        "body": "grant_type=password\n&username=@{variables('UserName')}\n&password=@{variables('Password')}\n&client_id=@{variables('ClientId')}\n&client_secret=@{variables('ClientSecret')}\n&resource=@{variables('LCSAPIUri')}"
                      }
                    },
                    "Parse_JSON_Authentif_refreshed": {
                      "runAfter": {
                        "HTTP_-_Authentification_Refresh_the_TOKEN": [
                          "Succeeded"
                        ]
                      },
                      "metadata": {
                        "operationMetadataId": "27d85ec8-1b1d-4a53-b862-88005f232f22"
                      },
                      "type": "ParseJson",
                      "inputs": {
                        "content": "@body('HTTP_-_Authentification_Refresh_the_TOKEN')",
                        "schema": {
                          "type": "object",
                          "properties": {
                            "token_type": {
                              "type": "string"
                            },
                            "scope": {
                              "type": "string"
                            },
                            "expires_in": {
                              "type": "string"
                            },
                            "ext_expires_in": {
                              "type": "string"
                            },
                            "expires_on": {
                              "type": "string"
                            },
                            "not_before": {
                              "type": "string"
                            },
                            "resource": {
                              "type": "string"
                            },
                            "access_token": {
                              "type": "string"
                            },
                            "refresh_token": {
                              "type": "string"
                            }
                          }
                        }
                      }
                    },
                    "LCS_API_-_Status_Refresh": {
                      "runAfter": {
                        "Parse_JSON_Authentif_refreshed": [
                          "Succeeded"
                        ]
                      },
                      "metadata": {
                        "operationMetadataId": "8aefc2dd-dceb-4e27-84ec-f973b2710d14"
                      },
                      "type": "Http",
                      "inputs": {
                        "method": "GET",
                        "uri": "https://lcsapi.lcs.dynamics.com/databasemovement/v1/fetchstatus/project/@{variables('LCSProjectId')}/environment/@{variables('EnvironmentId')}/operationactivity/@{body('Parse_JSON_Result')?['OperationActivityId']}",
                        "headers": {
                          "Content-Type": "application/json",
                          "Authorization": "Bearer @{body('Parse_JSON_Authentif_refreshed')?['access_token']}"
                        }
                      }
                    },
                    "Parse_JSON_Refresh_Status": {
                      "runAfter": {
                        "LCS_API_-_Status_Refresh": [
                          "Succeeded"
                        ]
                      },
                      "metadata": {
                        "operationMetadataId": "ab9f70a8-e859-40c0-87a9-40e6d1940194"
                      },
                      "type": "ParseJson",
                      "inputs": {
                        "content": "@body('LCS_API_-_Status_Refresh')",
                        "schema": {
                          "type": "object",
                          "properties": {
                            "IsSuccess": {
                              "type": "boolean"
                            },
                            "OperationActivityId": {
                              "type": "string"
                            },
                            "ErrorMessage": {},
                            "VersionEOL": {
                              "type": "string"
                            },
                            "ProjectId": {
                              "type": "integer"
                            },
                            "EnvironmentId": {
                              "type": "string"
                            },
                            "ActivityId": {
                              "type": "string"
                            },
                            "CompletionDate": {},
                            "OperationStatus": {
                              "type": "string"
                            }
                          }
                        }
                      }
                    },
                    "Delay_to_check_every_5_minutes": {
                      "runAfter": {
                        "Parse_JSON_Refresh_Status": [
                          "Succeeded"
                        ]
                      },
                      "metadata": {
                        "operationMetadataId": "6f69b062-c5d6-4679-92bb-7af32ecd8f10"
                      },
                      "type": "Wait",
                      "inputs": {
                        "interval": {
                          "count": 5,
                          "unit": "Minute"
                        }
                      }
                    }
                  },
                  "runAfter": {
                    "Delay_1_hour_-_backup_is_always_even_1_hour_or_more": [
                      "Succeeded"
                    ]
                  },
                  "expression": "@not(equals(body('Parse_JSON_Refresh_Status')?['OperationStatus'], 'InProgress'))",
                  "limit": {
                    "count": 300,
                    "timeout": "PT3H"
                  },
                  "metadata": {
                    "operationMetadataId": "a52bea2c-f339-4fdb-9fe2-e37811f62af8"
                  },
                  "type": "Until"
                },
                "Condition_Completed_or_SignOff": {
                  "actions": {
                    "Respond_to_a_PowerApp_or_flow": {
                      "runAfter": {},
                      "metadata": {
                        "operationMetadataId": "6eb547a4-32fc-4403-85f5-155460cafa95"
                      },
                      "type": "Response",
                      "kind": "PowerApp",
                      "inputs": {
                        "statusCode": 200,
                        "body": {
                          "status": "Finished"
                        },
                        "schema": {
                          "type": "object",
                          "properties": {
                            "status": {
                              "title": "Status",
                              "x-ms-dynamically-added": true,
                              "type": "string"
                            }
                          }
                        }
                      }
                    }
                  },
                  "runAfter": {
                    "Do_until": [
                      "Succeeded"
                    ]
                  },
                  "else": {
                    "actions": {
                      "Respond_to_a_PowerApp_or_flow_2": {
                        "runAfter": {},
                        "metadata": {
                          "operationMetadataId": "92aa53ad-b978-406e-86ee-d18a935a6cfe"
                        },
                        "type": "Response",
                        "kind": "PowerApp",
                        "inputs": {
                          "statusCode": 200,
                          "body": {
                            "status": "Error"
                          },
                          "schema": {
                            "type": "object",
                            "properties": {
                              "status": {
                                "title": "Status",
                                "x-ms-dynamically-added": true,
                                "type": "string"
                              }
                            }
                          }
                        }
                      }
                    }
                  },
                  "expression": {
                    "or": [
                      {
                        "equals": [
                          "@body('Parse_JSON_Refresh_Status')?['OperationStatus']",
                          "Completed"
                        ]
                      },
                      {
                        "equals": [
                          "@body('Parse_JSON_Refresh_Status')?['OperationStatus']",
                          "SignedOff"
                        ]
                      }
                    ]
                  },
                  "metadata": {
                    "operationMetadataId": "75a60ada-634f-418d-80a9-5b80c3483751"
                  },
                  "type": "If"
                }
              },
              "runAfter": {
                "Backup_DB_Scope": [
                  "Succeeded"
                ]
              },
              "else": {
                "actions": {
                  "Respond_to_a_PowerApp_or_flow_3": {
                    "runAfter": {},
                    "metadata": {
                      "operationMetadataId": "aebed216-f08f-4138-9d3c-636072b3f032"
                    },
                    "type": "Response",
                    "kind": "PowerApp",
                    "inputs": {
                      "statusCode": 200,
                      "body": {
                        "status": "Error"
                      },
                      "schema": {
                        "type": "object",
                        "properties": {
                          "status": {
                            "title": "Status",
                            "x-ms-dynamically-added": true,
                            "type": "string"
                          }
                        }
                      }
                    }
                  }
                }
              },
              "expression": {
                "equals": [
                  "@body('Parse_JSON_Result')?['IsSuccess']",
                  true
                ]
              },
              "metadata": {
                "operationMetadataId": "773bd2e0-494d-4123-b09e-b0867a619e64"
              },
              "type": "If"
            }
          },
          "runAfter": {
            "Retrieve_informations_needed_in_settings": [
              "Succeeded"
            ]
          },
          "else": {
            "actions": {
              "Respond_to_a_PowerApp_or_flow_4": {
                "runAfter": {},
                "metadata": {
                  "operationMetadataId": "adf18e39-a20d-43f3-9172-9b1fcd3e5474"
                },
                "type": "Response",
                "kind": "PowerApp",
                "inputs": {
                  "statusCode": 200,
                  "body": {
                    "status": "Error"
                  },
                  "schema": {
                    "type": "object",
                    "properties": {
                      "status": {
                        "title": "Status",
                        "x-ms-dynamically-added": true,
                        "type": "string"
                      }
                    }
                  }
                }
              }
            }
          },
          "expression": {
            "and": [
              {
                "equals": [
                  "@variables('Type')",
                  990000001
                ]
              },
              {
                "greater": [
                  "@length(variables('LCSAPIUri'))",
                  1
                ]
              },
              {
                "greater": [
                  "@length(variables('Password'))",
                  1
                ]
              },
              {
                "greater": [
                  "@length(variables('UserName'))",
                  1
                ]
              },
              {
                "greater": [
                  "@length(variables('ClientSecret'))",
                  1
                ]
              },
              {
                "greater": [
                  "@length(variables('ClientId'))",
                  1
                ]
              },
              {
                "greater": [
                  "@length(variables('EnvironmentId'))",
                  1
                ]
              },
              {
                "greater": [
                  "@length(variables('LCSProjectId'))",
                  1
                ]
              }
            ]
          },
          "metadata": {
            "operationMetadataId": "1a17e37b-9cd5-42cb-a172-e9366d16bb99"
          },
          "type": "If"
        },
        "Retrieve_informations_needed_in_settings": {
          "actions": {
            "Retrieve_Customer_Data_ALM_Record": {
              "runAfter": {},
              "metadata": {
                "operationMetadataId": "2dbd2d9c-e564-4e94-ab7a-c888b6220b3f"
              },
              "type": "OpenApiConnection",
              "inputs": {
                "host": {
                  "connectionName": "shared_commondataserviceforapps",
                  "operationId": "ListRecords",
                  "apiId": "/providers/Microsoft.PowerApps/apis/shared_commondataserviceforapps"
                },
                "parameters": {
                  "entityName": "acl_customerdataalms",
                  "$filter": "acl_name eq '@{triggerBody()['text']}'"
                },
                "authentication": {
                  "type": "Raw",
                  "value": "@json(decodeBase64(triggerOutputs().headers['X-MS-APIM-Tokens']))['$ConnectionKey']"
                }
              }
            },
            "Apply_to_each": {
              "foreach": "@outputs('Retrieve_Customer_Data_ALM_Record')?['body/value']",
              "actions": {
                "Set_LCS_Project_Id": {
                  "runAfter": {},
                  "metadata": {
                    "operationMetadataId": "4e1ee32f-a933-4502-b0ab-699bd38c70c5"
                  },
                  "type": "SetVariable",
                  "inputs": {
                    "name": "LCSProjectId",
                    "value": "@items('Apply_to_each')?['acl_lcsprojectid']"
                  }
                },
                "Set_UserName_LCS": {
                  "runAfter": {
                    "Set_LCS_Project_Id": [
                      "Succeeded"
                    ]
                  },
                  "metadata": {
                    "operationMetadataId": "99c26763-72c9-41b9-a8fd-eb2a4ef6552f"
                  },
                  "type": "SetVariable",
                  "inputs": {
                    "name": "UserName",
                    "value": "@items('Apply_to_each')?['acl_username']"
                  }
                },
                "Set_Password_LCS": {
                  "runAfter": {
                    "Set_UserName_LCS": [
                      "Succeeded"
                    ]
                  },
                  "metadata": {
                    "operationMetadataId": "42ebe828-ac4b-403c-8838-aceec0164800"
                  },
                  "type": "SetVariable",
                  "inputs": {
                    "name": "Password",
                    "value": "@items('Apply_to_each')?['acl_password']"
                  }
                },
                "Set_LCS_API_Uri": {
                  "runAfter": {
                    "Set_Password_LCS": [
                      "Succeeded"
                    ]
                  },
                  "metadata": {
                    "operationMetadataId": "8dacaf17-59f9-4e68-956c-47c67566619f"
                  },
                  "type": "SetVariable",
                  "inputs": {
                    "name": "LCSAPIUri",
                    "value": "@items('Apply_to_each')?['acl_lcsapiuri']"
                  }
                },
                "Set_LCS_Client_Id": {
                  "runAfter": {
                    "Set_LCS_API_Uri": [
                      "Succeeded"
                    ]
                  },
                  "metadata": {
                    "operationMetadataId": "68fd5d03-60c2-40e3-a0f0-86bd21748ed7"
                  },
                  "type": "SetVariable",
                  "inputs": {
                    "name": "ClientId",
                    "value": "@items('Apply_to_each')?['acl_lcsclientid']"
                  }
                },
                "Set_LCS_Client_Secret": {
                  "runAfter": {
                    "Set_LCS_Client_Id": [
                      "Succeeded"
                    ]
                  },
                  "metadata": {
                    "operationMetadataId": "299b945a-f9c9-43e2-943e-fe5453b89665"
                  },
                  "type": "SetVariable",
                  "inputs": {
                    "name": "ClientSecret",
                    "value": "@items('Apply_to_each')?['acl_lcsclientsecret']"
                  }
                }
              },
              "runAfter": {
                "Retrieve_Customer_Data_ALM_Record": [
                  "Succeeded"
                ]
              },
              "metadata": {
                "operationMetadataId": "ff4a089a-31eb-4459-aab3-ae8a5796fefd"
              },
              "type": "Foreach"
            },
            "Apply_to_each_2": {
              "foreach": "@outputs('Retrieve_Customer_Data_ALM_Record')?['body/value']",
              "actions": {
                "Retrieve_Environment_Data_ALM_Record": {
                  "runAfter": {},
                  "metadata": {
                    "operationMetadataId": "87a6f7b3-85b8-42a6-a895-ff254137206a"
                  },
                  "type": "OpenApiConnection",
                  "inputs": {
                    "host": {
                      "connectionName": "shared_commondataserviceforapps",
                      "operationId": "ListRecords",
                      "apiId": "/providers/Microsoft.PowerApps/apis/shared_commondataserviceforapps"
                    },
                    "parameters": {
                      "entityName": "acl_environments",
                      "$filter": "acl_name eq '@{triggerBody()['text_1']}' and _acl_customer_value eq @{items('Apply_to_each_2')?['acl_customerdataalmid']}"
                    },
                    "authentication": {
                      "type": "Raw",
                      "value": "@json(decodeBase64(triggerOutputs().headers['X-MS-APIM-Tokens']))['$ConnectionKey']"
                    }
                  }
                },
                "Apply_to_each_3": {
                  "foreach": "@outputs('Retrieve_Environment_Data_ALM_Record')?['body/value']",
                  "actions": {
                    "Set_Environment_Id_FnO_LCS": {
                      "runAfter": {},
                      "metadata": {
                        "operationMetadataId": "e723686a-f460-44ca-8fdb-60df321104d2"
                      },
                      "type": "SetVariable",
                      "inputs": {
                        "name": "EnvironmentId",
                        "value": "@items('Apply_to_each_3')?['acl_environmentidfno']"
                      }
                    },
                    "Set_Type": {
                      "runAfter": {
                        "Set_Environment_Id_FnO_LCS": [
                          "Succeeded"
                        ]
                      },
                      "metadata": {
                        "operationMetadataId": "22c2e6e5-70cf-426a-aa46-bce834611975"
                      },
                      "type": "SetVariable",
                      "inputs": {
                        "name": "Type",
                        "value": "@items('Apply_to_each_3')?['acl_type']"
                      }
                    }
                  },
                  "runAfter": {
                    "Retrieve_Environment_Data_ALM_Record": [
                      "Succeeded"
                    ]
                  },
                  "metadata": {
                    "operationMetadataId": "5c33c683-68f7-482d-aa1f-a62e4f0340fd"
                  },
                  "type": "Foreach"
                }
              },
              "runAfter": {
                "Apply_to_each": [
                  "Succeeded"
                ]
              },
              "metadata": {
                "operationMetadataId": "00ee7626-3a3f-40f5-ad00-39f9a60147e5"
              },
              "type": "Foreach"
            }
          },
          "runAfter": {
            "Init_VAR_-_LCS_API_URI": [
              "Succeeded"
            ]
          },
          "metadata": {
            "operationMetadataId": "1e8514d6-7107-4699-aa7a-253d75d140c3"
          },
          "type": "Scope"
        }
      }
    }
  },
  "schemaVersion": "1.0.0.0"
}