{
  "properties": {
    "connectionReferences": {},
    "definition": {
      "$schema": "https://schema.management.azure.com/providers/Microsoft.Logic/schemas/2016-06-01/workflowdefinition.json#",
      "contentVersion": "1.0.0.0",
      "parameters": {
        "$authentication": {
          "defaultValue": {},
          "type": "SecureObject"
        }
      },
      "triggers": {
        "manual": {
          "metadata": {
            "operationMetadataId": "2b8a665f-84e5-4ad1-858f-10a21d576bb3"
          },
          "type": "Request",
          "kind": "Button",
          "inputs": {
            "schema": {
              "type": "object",
              "properties": {
                "text": {
                  "title": "CustomerName",
                  "type": "string",
                  "x-ms-dynamically-added": true,
                  "description": "Please enter your input",
                  "x-ms-content-hint": "TEXT"
                },
                "text_1": {
                  "title": "EnvironmentNameTIER2",
                  "type": "string",
                  "x-ms-dynamically-added": true,
                  "description": "Please enter your input",
                  "x-ms-content-hint": "TEXT"
                },
                "text_2": {
                  "title": "EnvironmentNameCHE",
                  "type": "string",
                  "x-ms-dynamically-added": true,
                  "description": "Please enter your input",
                  "x-ms-content-hint": "TEXT"
                }
              },
              "required": [
                "text",
                "text_1",
                "text_2"
              ]
            }
          }
        }
      },
      "actions": {
        "Run_Child_Flow_-_Backup_DB_on_TIER2": {
          "runAfter": {},
          "metadata": {
            "operationMetadataId": "cea9c763-c55f-4ca1-b189-5a7a3813c7bd"
          },
          "type": "Workflow",
          "inputs": {
            "host": {
              "workflowReferenceName": "7b65c1ed-9023-ed11-b83d-000d3aaea7f0"
            },
            "body": {
              "text": "@triggerBody()['text']",
              "text_1": "@triggerBody()['text_1']"
            }
          }
        },
        "Condition": {
          "actions": {
            "Run_Child_Flow_-_Restore_DB_Azure_CHE_on_1_DevBox": {
              "runAfter": {},
              "metadata": {
                "operationMetadataId": "3baaa11c-d685-4241-a955-c19109b8c46e"
              },
              "type": "Workflow",
              "inputs": {
                "host": {
                  "workflowReferenceName": "82fc276d-8123-ed11-b83d-000d3aaea7f0"
                },
                "body": {
                  "text": "@triggerBody()['text']",
                  "text_1": "@triggerBody()['text_2']"
                }
              }
            },
            "Condition_2": {
              "actions": {
                "Compose": {
                  "runAfter": {},
                  "metadata": {
                    "operationMetadataId": "e0af1de6-206a-4e14-86e5-baa183bfaf54"
                  },
                  "type": "Compose",
                  "inputs": "Whole operation terminated"
                }
              },
              "runAfter": {
                "Run_Child_Flow_-_Restore_DB_Azure_CHE_on_1_DevBox": [
                  "Succeeded"
                ]
              },
              "expression": {
                "equals": [
                  "@body('Run_Child_Flow_-_Restore_DB_Azure_CHE_on_1_DevBox')?['status']",
                  "Finished"
                ]
              },
              "metadata": {
                "operationMetadataId": "23c13744-1fdb-4c29-9d7e-cd823daf4cc2"
              },
              "type": "If"
            }
          },
          "runAfter": {
            "Run_Child_Flow_-_Backup_DB_on_TIER2": [
              "Succeeded"
            ]
          },
          "expression": {
            "equals": [
              "@body('Run_Child_Flow_-_Backup_DB_on_TIER2')?['status']",
              "Finished"
            ]
          },
          "metadata": {
            "operationMetadataId": "69aacd6c-03d3-477f-aecf-c8e0db1623fd"
          },
          "type": "If"
        }
      }
    }
  },
  "schemaVersion": "1.0.0.0"
}