<ImportExportXml version="9.2.24021.180" SolutionPackageVersion="9.2" languagecode="1033" generatedBy="CrmLive" xmlns:xsi="http://www.w3.org/2001/XMLSchema-instance">
  <SolutionManifest>
    <UniqueName>DataALMforD365FnO</UniqueName>
    <LocalizedNames>
      <LocalizedName description="Data ALM for D365 FnO" languagecode="1033" />
    </LocalizedNames>
    <Descriptions>
      <Description description="powerazure365.com&#xA;Aurelien CLERE - Microsoft MVP" languagecode="1033" />
    </Descriptions>
    <Version>1.0.0.7</Version>
    <Managed>0</Managed>
    <Publisher>
      <UniqueName>Aurelien_Clere</UniqueName>
      <LocalizedNames>
        <LocalizedName description="Aurelien Clere" languagecode="1033" />
      </LocalizedNames>
      <Descriptions>
        <Description description="MVP Business Apps - powerazure365.com" languagecode="1033" />
      </Descriptions>
      <EMailAddress>aurelien.clere@dynagile.fr</EMailAddress>
      <SupportingWebsiteUrl>https://powerazure365.com</SupportingWebsiteUrl>
      <CustomizationPrefix>acl</CustomizationPrefix>
      <CustomizationOptionValuePrefix>99000</CustomizationOptionValuePrefix>
      <Addresses>
        <Address>
          <AddressNumber>1</AddressNumber>
          <AddressTypeCode>1</AddressTypeCode>
          <City xsi:nil="true"></City>
          <County xsi:nil="true"></County>
          <Country>France</Country>
          <Fax xsi:nil="true"></Fax>
          <FreightTermsCode xsi:nil="true"></FreightTermsCode>
          <ImportSequenceNumber xsi:nil="true"></ImportSequenceNumber>
          <Latitude xsi:nil="true"></Latitude>
          <Line1 xsi:nil="true"></Line1>
          <Line2 xsi:nil="true"></Line2>
          <Line3 xsi:nil="true"></Line3>
          <Longitude xsi:nil="true"></Longitude>
          <Name xsi:nil="true"></Name>
          <PostalCode xsi:nil="true"></PostalCode>
          <PostOfficeBox xsi:nil="true"></PostOfficeBox>
          <PrimaryContactName xsi:nil="true"></PrimaryContactName>
          <ShippingMethodCode>1</ShippingMethodCode>
          <StateOrProvince xsi:nil="true"></StateOrProvince>
          <Telephone1 xsi:nil="true"></Telephone1>
          <Telephone2 xsi:nil="true"></Telephone2>
          <Telephone3 xsi:nil="true"></Telephone3>
          <TimeZoneRuleVersionNumber xsi:nil="true"></TimeZoneRuleVersionNumber>
          <UPSZone xsi:nil="true"></UPSZone>
          <UTCOffset xsi:nil="true"></UTCOffset>
          <UTCConversionTimeZoneCode xsi:nil="true"></UTCConversionTimeZoneCode>
        </Address>
        <Address>
          <AddressNumber>2</AddressNumber>
          <AddressTypeCode>1</AddressTypeCode>
          <City xsi:nil="true"></City>
          <County xsi:nil="true"></County>
          <Country xsi:nil="true"></Country>
          <Fax xsi:nil="true"></Fax>
          <FreightTermsCode xsi:nil="true"></FreightTermsCode>
          <ImportSequenceNumber xsi:nil="true"></ImportSequenceNumber>
          <Latitude xsi:nil="true"></Latitude>
          <Line1 xsi:nil="true"></Line1>
          <Line2 xsi:nil="true"></Line2>
          <Line3 xsi:nil="true"></Line3>
          <Longitude xsi:nil="true"></Longitude>
          <Name xsi:nil="true"></Name>
          <PostalCode xsi:nil="true"></PostalCode>
          <PostOfficeBox xsi:nil="true"></PostOfficeBox>
          <PrimaryContactName xsi:nil="true"></PrimaryContactName>
          <ShippingMethodCode>1</ShippingMethodCode>
          <StateOrProvince xsi:nil="true"></StateOrProvince>
          <Telephone1 xsi:nil="true"></Telephone1>
          <Telephone2 xsi:nil="true"></Telephone2>
          <Telephone3 xsi:nil="true"></Telephone3>
          <TimeZoneRuleVersionNumber xsi:nil="true"></TimeZoneRuleVersionNumber>
          <UPSZone xsi:nil="true"></UPSZone>
          <UTCOffset xsi:nil="true"></UTCOffset>
          <UTCConversionTimeZoneCode xsi:nil="true"></UTCConversionTimeZoneCode>
        </Address>
      </Addresses>
    </Publisher>
    <RootComponents>
      <RootComponent type="1" schemaName="acl_customerdataalm" behavior="0" />
      <RootComponent type="1" schemaName="acl_environment" behavior="0" />
      <RootComponent type="29" id="{061c38f4-a123-ed11-b83d-000d3aaea7f0}" behavior="0" />
      <RootComponent type="29" id="{56e6352c-b823-ed11-b83d-000d3aaea7f0}" behavior="0" />
      <RootComponent type="29" id="{57cf384a-b523-ed11-b83d-000d3aaea7ba}" behavior="0" />
      <RootComponent type="29" id="{7b65c1ed-9023-ed11-b83d-000d3aaea7f0}" behavior="0" />
      <RootComponent type="29" id="{82fc276d-8123-ed11-b83d-000d3aaea7f0}" behavior="0" />
      <RootComponent type="29" id="{9cf8d6c4-af23-ed11-b83d-000d3aaea7f0}" behavior="0" />
      <RootComponent type="29" id="{9d11c010-f622-ed11-b83d-000d3aaea7ba}" behavior="0" />
      <RootComponent type="61" schemaName="msdyncrm_/libs/ckeditor/plugins/smiley/images/angel_smile.png" behavior="0" />
      <RootComponent type="61" schemaName="msdyncrm_/libs/ckeditor/plugins/smiley/images/thumbs_up.png" behavior="0" />
      <RootComponent type="61" schemaName="msdyncrm_/libs/ckeditor/plugins/smiley/images/wink_smile.png" behavior="0" />
      <RootComponent type="62" schemaName="acl_DataALMD365FnO" behavior="0" />
      <RootComponent type="80" schemaName="acl_DataALMD365FnO" behavior="0" />
    </RootComponents>
    <MissingDependencies>
      <MissingDependency>
        <Required type="61" schemaName="msdyncrm_/libs/ckeditor/plugins/smiley/images/angel_smile.png" displayName="msdyncrm_/libs/ckeditor/plugins/smiley/images/angel_smile.png" solution="SampleEditorCustomControl (1.70.180.0)" />
        <Dependent type="61" schemaName="msdyncrm_/libs/ckeditor/plugins/smiley/images/angel_smile.png" displayName="msdyncrm_/libs/ckeditor/plugins/smiley/images/angel_smile.png" />
      </MissingDependency>
      <MissingDependency>
        <Required type="61" schemaName="msdyncrm_/libs/ckeditor/plugins/smiley/images/angel_smile.png" displayName="msdyncrm_/libs/ckeditor/plugins/smiley/images/angel_smile.png" solution="SampleEditorCustomControl (1.70.180.0)" />
        <Dependent type="80" schemaName="acl_DataALMD365FnO" displayName="DataALM D365FnO" />
      </MissingDependency>
      <MissingDependency>
        <Required type="61" schemaName="msdyncrm_/libs/ckeditor/plugins/smiley/images/thumbs_up.png" displayName="msdyncrm_/libs/ckeditor/plugins/smiley/images/thumbs_up.png" solution="SampleEditorCustomControl (1.70.180.0)" />
        <Dependent type="1" schemaName="acl_environment" displayName="Environment" />
      </MissingDependency>
      <MissingDependency>
        <Required type="61" schemaName="msdyncrm_/libs/ckeditor/plugins/smiley/images/thumbs_up.png" displayName="msdyncrm_/libs/ckeditor/plugins/smiley/images/thumbs_up.png" solution="SampleEditorCustomControl (1.70.180.0)" />
        <Dependent type="61" schemaName="msdyncrm_/libs/ckeditor/plugins/smiley/images/thumbs_up.png" displayName="msdyncrm_/libs/ckeditor/plugins/smiley/images/thumbs_up.png" />
      </MissingDependency>
      <MissingDependency>
        <Required type="61" schemaName="msdyncrm_/libs/ckeditor/plugins/smiley/images/wink_smile.png" displayName="msdyncrm_/libs/ckeditor/plugins/smiley/images/wink_smile.png" solution="SampleEditorCustomControl (1.70.180.0)" />
        <Dependent type="1" schemaName="acl_customerdataalm" displayName="Customer DataALM" />
      </MissingDependency>
      <MissingDependency>
        <Required type="61" schemaName="msdyncrm_/libs/ckeditor/plugins/smiley/images/wink_smile.png" displayName="msdyncrm_/libs/ckeditor/plugins/smiley/images/wink_smile.png" solution="SampleEditorCustomControl (1.70.180.0)" />
        <Dependent type="61" schemaName="msdyncrm_/libs/ckeditor/plugins/smiley/images/wink_smile.png" displayName="msdyncrm_/libs/ckeditor/plugins/smiley/images/wink_smile.png" />
      </MissingDependency>
      <MissingDependency>
        <Required type="SettingDefinition" displayName="AllowNotificationsEarlyAccess" solution="AppNotifications (10.0.0.16)" id.uniquename="AllowNotificationsEarlyAccess" />
        <Dependent type="AppSetting" displayName="parentappmoduleid.uniquename=acl_DataALMD365FnO,settingdefinitionid.uniquename=AllowNotificationsEarlyAccess" id.parentappmoduleid.uniquename="acl_DataALMD365FnO" id.settingdefinitionid.uniquename="AllowNotificationsEarlyAccess" />
      </MissingDependency>
      <MissingDependency>
        <Required type="SettingDefinition" displayName="NativeMobileDateTime" solution="SettingDefinitionsData (9.1.231055.231026002)" id.uniquename="NativeMobileDateTime" />
        <Dependent type="AppSetting" displayName="parentappmoduleid.uniquename=acl_DataALMD365FnO,settingdefinitionid.uniquename=NativeMobileDateTime" id.parentappmoduleid.uniquename="acl_DataALMD365FnO" id.settingdefinitionid.uniquename="NativeMobileDateTime" />
      </MissingDependency>
      <MissingDependency>
        <Required type="SettingDefinition" displayName="NativeMobileInputs" solution="SettingDefinitionsData (9.1.231055.231026002)" id.uniquename="NativeMobileInputs" />
        <Dependent type="AppSetting" displayName="parentappmoduleid.uniquename=acl_DataALMD365FnO,settingdefinitionid.uniquename=NativeMobileInputs" id.parentappmoduleid.uniquename="acl_DataALMD365FnO" id.settingdefinitionid.uniquename="NativeMobileInputs" />
      </MissingDependency>
    </MissingDependencies>
  </SolutionManifest>
</ImportExportXml>